{
  "baseline_tte": {
    "mae_hours": 95.69962707024048,
    "mape_pct": 1059.7137872150745,
    "hit_rate_\u00b112h": 0.04029957203994294
  },
  "baseline_amount": {
    "mae_ml": 146.0,
    "rmse_ml": 266.60810927008845,
    "mape_pct": 140.21832492380253
  },
  "trajectory": {
    "mae": 0.08167282696951499,
    "rmse": 0.10176147305697544
  },
  "tte": {
    "mae_hours": 5.912553711677502,
    "mape_pct": 81.3663396211058,
    "hit_rate_\u00b112h": 0.9297432239657631
  },
  "amount": {
    "mae_ml": 154.91551172214335,
    "rmse_ml": 215.47880737841066,
    "mape_pct": 20.371971175564404
  },
  "calibration": {
    "tte_mae_before": 9.45398987201726,
    "tte_mae_after": 12.72744197356275
  }
}